[
  {
    "question": "SI unit of force?",
    "options": ["Joule", "Pascal", "Newton", "Watt"],
    "answer": "Newton"
  },
  {
    "question": "Which is NOT a scalar quantity?",
    "options": ["Speed", "Distance", "Displacement", "Energy"],
    "answer": "Displacement"
  },
  {
    "question": "Formula for speed?",
    "options": ["Speed = Distance / Time", "Speed = Time / Distance", "Speed = Distance × Time", "Speed = Time × Acceleration"],
    "answer": "Speed = Distance / Time"
  },
  {
    "question": "Which law explains rocket propulsion?",
    "options": ["Newton's 1st", "Newton's 2nd", "Newton's 3rd", "Hooke's Law"],
    "answer": "Newton's 3rd"
  },
  {
    "question": "Instrument to measure electric current?",
    "options": ["Voltmeter", "Ammeter", "Galvanometer", "Thermometer"],
    "answer": "Ammeter"
  }
]